{
  "Registration" : {
    "transaction" : "Registration",
    "sampleCount" : 34,
    "errorCount" : 0,
    "errorPct" : 0.0,
    "meanResTime" : 892.2647058823529,
    "medianResTime" : 890.5,
    "minResTime" : 847.0,
    "maxResTime" : 957.0,
    "pct1ResTime" : 939.0,
    "pct2ResTime" : 957.0,
    "pct3ResTime" : 957.0,
    "throughput" : 1.0497715203161666,
    "receivedKBytesPerSec" : 3.9699912969309623,
    "sentKBytesPerSec" : 1.8094507900302583
  },
  "Total" : {
    "transaction" : "Total",
    "sampleCount" : 102,
    "errorCount" : 34,
    "errorPct" : 33.333332,
    "meanResTime" : 613.6568627450978,
    "medianResTime" : 671.0,
    "minResTime" : 262.0,
    "maxResTime" : 957.0,
    "pct1ResTime" : 905.0,
    "pct2ResTime" : 925.7,
    "pct3ResTime" : 957.0,
    "throughput" : 3.0589293747188484,
    "receivedKBytesPerSec" : 5.865466617933723,
    "sentKBytesPerSec" : 446.90223656095367
  },
  "Fetch-constituencies" : {
    "transaction" : "Fetch-constituencies",
    "sampleCount" : 34,
    "errorCount" : 0,
    "errorPct" : 0.0,
    "meanResTime" : 671.2058823529411,
    "medianResTime" : 671.0,
    "minResTime" : 644.0,
    "maxResTime" : 694.0,
    "pct1ResTime" : 688.0,
    "pct2ResTime" : 693.25,
    "pct3ResTime" : 694.0,
    "throughput" : 1.056097409455178,
    "receivedKBytesPerSec" : 1.4634787343915014,
    "sentKBytesPerSec" : 1.6570986150369633
  },
  "Form45-National Assembly" : {
    "transaction" : "Form45-National Assembly",
    "sampleCount" : 34,
    "errorCount" : 34,
    "errorPct" : 100.0,
    "meanResTime" : 277.49999999999994,
    "medianResTime" : 275.0,
    "minResTime" : 262.0,
    "maxResTime" : 295.0,
    "pct1ResTime" : 293.5,
    "pct2ResTime" : 294.25,
    "pct3ResTime" : 295.0,
    "throughput" : 1.0695187165775402,
    "receivedKBytesPerSec" : 0.6256266711229946,
    "sentKBytesPerSec" : 465.2407031495753
  }
}